{
  "project_info": {
    "project_number": "84935925599",
    "firebase_url": "https://apptracker-bb0ac.firebaseio.com",
    "project_id": "apptracker-bb0ac",
    "storage_bucket": "apptracker-bb0ac.appspot.com"
  },
  "client": [
    {
      "client_info": {
        "mobilesdk_app_id": "1:84935925599:android:e01b62a4610a351a0960ea",
        "android_client_info": {
          "package_name": "com.example.apptracker"
        }
      },
      "oauth_client": [
        {
          "client_id": "84935925599-70ae2vgkv9o5b7j52mrf4lqnt34ivst9.apps.googleusercontent.com",
          "client_type": 1,
          "android_info": {
            "package_name": "com.example.apptracker",
            "certificate_hash": "67b42d99de3ef7f0e34a1816c0152a8a25dc43da"
          }
        },
        {
          "client_id": "84935925599-u5eun31rgl5lr069mtst5aj5nuscbgg3.apps.googleusercontent.com",
          "client_type": 3
        }
      ],
      "api_key": [
        {
          "current_key": "AIzaSyDbRnLPgEWKZkDDeHYn5iQDdtR1BjFg8JM"
        }
      ],
      "services": {
        "appinvite_service": {
          "other_platform_oauth_client": [
            {
              "client_id": "84935925599-u5eun31rgl5lr069mtst5aj5nuscbgg3.apps.googleusercontent.com",
              "client_type": 3
            }
          ]
        }
      }
    }
  ],
  "configuration_version": "1"
}